czo_id,hs_id,success
5486,5ad369f7bb634b1db0867b25e58663dc,False
4608,5295620c2f95416daeb3576a261b4fb3,True
4743,94a47eabd17a4ea4818a0a4042aaedcf,True
6524,d5086973aab0492bb5792e158f76eede,True
6526,91eca7ada2414eb5a298a345b7fac137,True
6521,f7b35868f52240ea969903aa05bedc0d,True
6522,22cf55bde45e43e79f2cde6d3658a56a,True
6523,7a7a5cfefb5c48209aa57ca2b3ee94a4,True
2414,a0b8eace61204c30aa614a5c1b964d35,True
2532,613af6bd389643e9ba8a203945f4562a,True
2666,4bc1108091404d0887805c051d3fd876,True
2821,c2f443833eeb4753bb3c32eeac49057a,True
4165,a72dc0cee9f54603a2f47dca247ff549,True
2459,dbfcf8cfb93d4739adcbf917552b98a7,True
2435,5ec4122153ab411eb5220bfb1740aef1,True
2782,844dfa706e394560a3d6acf04cefa28d,True
2436,d7ec24efb2e8499db8dfeba5c870de67,True
4122,d67dcb653d3344fb89cfd7e8ee0646fd,True
2434,8fbd7c1438c94abba1fb854fa96a9a53,True
3969,210757982f754a2f9399d29ff211ae85,True
3742,4b6623c4f42b4d4684489156f15c1e44,True
2822,0fea560079ee415091459ff2467b7677,True
3064,e645fcb76a834b76b66c1de54ee00e6d,True
5131,3b4e72d616494d57bcd9baf97360effb,True
3737,b735512c0f354c1da6e8986f490e94b3,True
3639,c23a66215d8b4ca9b1df820613ce76d2,True
3884,0f2bb83b37a947c7966d716ea2783882,False
5139,938f00fb4fb94f7e8ad2f120d36710fa,True
5140,37ee7d89f77d4a87aac1fd16c903d81b,True
5198,2dc1097015ac497bbee62f4770c308fb,True
2620,30d25789ee2d419fb5bbb61172e4b73f,True
2617,d8bececf55fe498fb81633c1bb5bf21b,True
2624,b04e968d6f964faca8b68e52fc0282af,True
2626,e8dce523edf24620a0fc4232cb7b8a8a,False
2627,3a8c2c9222324ea99ed33e5dd20f1143,True
2403,b173cdef326546d5a2026bf59a93ae46,True
2621,e9eb71601a1a4a27ba7e9bf4d6da03a9,True
2952,b6316b6cd8fb4688890a6f86b1a569ec,True
2866,a2f01698e601423487f66a947bb5823c,True
2921,9c5f708f9fc14f7f96a77a31b9a1958a,True
2915,14c7ffd5fb62458ca86241d0947bd4f6,True
2863,0b4c890121864432a697ce44d042891f,True
2864,4275322d49894432b8791b0ca3e661ef,True
2862,2df210e8febc4844904d9e7be2097799,True
2783,2868cacd0f4e4bb0b81643442136bcc5,True
4686,2689fb243cb94309a427201dc0dceb24,True
4018,e7132bb7525d469bbc571792c62c08ff,True
6568,bf84d5b4ac874654922db101f8cbab1e,True
6475,a38c6f41129e405394daeb9f7f4c52fa,True
5446,b8c98e2f46a848b3a839dfb7e11b6bc7,True
4606,2fbcc5ece281477eb1b2f6528dd3218c,True
4671,6561e9cf6e724832af3cc1339816c708,True
6421,44754fd040b64bf8b3200224ef088eb6,True
5986,dc21bfcdc9b64f1688bbd9deb6ab987a,True
4637,476c57270bdb443bbceaeed4d3bd3212,True
4678,bb25b9bb895f4c428f5e893be11c09c4,True
4683,4992e717ba9549c6938af64fd43baf39,True
4851,2383e25034af457ca559fb03c2d8d0e8,True
6470,00a729d3d2dc4f3cb4583e3228a029e0,True
4687,49493a774e064f5691ebd1a2e3b8b74f,True
4679,d62f266e340241b9afb349e44d5d5bc8,True
4614,07d9199a3d3c4000af3780126a2db2ca,True
4620,cf1aaf66cd784109a97bbbdd377afc99,True
4660,caa87a7305004eebba97342e64cfe910,True
4681,092286a10ff8419ea7bd4452faf69358,True
5533,46a50136a2014921b407f2512f084a08,True
5982,cc5c753628124e9a9abce942a52ff96d,True
5564,9fc4d618f47d44c68a17ada265a85163,True
5933,dfd70a706f474a5789ac81f2786c7860,True
5821,07816ed728ee45369ba80dcd0c616395,True
4324,fa14d11baa8448168dd69c1a42dd2c16,True
4680,b9aacbc3405c45f3a087cec9133d0534,True
5454,c9f4bc5c946743f8b1c6c9263c20e6a5,True
4684,5a4f40be5c6d431a92ed420b09d5343e,True
4677,685520bc5238459ab4dfc424787b6672,True
4674,3843e0a2244f48fab4849fcc3c8ca9d6,True
4032,a788a86cc42849c68bed29fe9b226cca,True
4673,ef2dfc54951b4c2b8d2074ce2c79da44,True
4108,79ed5844dd394ab9bd918ccc7f8c453f,True
4106,8b3d4aa044944fe88974aaf6149be1d3,True
4107,e5764b7abc1d4fdeb49597356229c379,True
3896,2495f6f47920497fb7f5272d05ead463,True
2514,c4bd2361368c458894d66f9c63f56273,True
2515,b9ea494450f0462783eb65c54441032c,False
2516,57384c9aa71047269aa9c8e231886886,True
2545,9c717bf426fd4f59b5e4cf6641090ea2,True
2474,0631ea31f4a44c899c3af70a15c0c12f,True
2506,8d80a6dcba87467ba83826161ff0643d,False
2407,20d038ec3b4c46dfb5dc4afe106e190a,True
2465,75aeb4b75fa44b1489d664b7d0192479,True
5137,50b462316ee747c5a4c7e7f5278e29a8,True
2638,40e6e24733cd46859edd194a71da21d6,False
2639,f2177466743e4b36af43a76d6065a7aa,False
2637,2d16aa8c08bd4195b8593d90131540a3,True
2642,c5b7fe74e7034184a948c3be269c07df,True
2544,0f84178e3ee247fe99fea38294b6e4db,True
2619,465c7efd332b47639928fa0ce9870fc8,False
5498,b847c9ba06a3412d80e926fcf43cba70,True
4369,009a1370222049cb8a634ceb46696e31,False
4897,94e31bb3886f44babfdd94a341237492,True
4723,47ba062fbb6940dc98674879625f5543,True
3590,73a42de916fc453fbd8be22ba8d961d3,True
3654,ccda1c6484a34ee0a57b70277d2c2a41,True
3656,464055d3004f44ea9435a739c8dc525e,True
3657,df1ffb65d45e4d5f851ac7ab098b25a4,True
3663,595d830f37f14164b8bfc92cd7b880d0,True
5277,95c7f5751380426c8a02baa8e2232173,True
5278,8aaf842d839943e88908266d23e451ce,True
5272,b8788008946949f58e2f08e3d1a2c334,True
5300,3d42e0fb1f764d5db49ba2a20d6c9120,True
4174,e53fc4be06a64776a754d739bff86750,True
5329,19838133e26343018edfcec142d7413b,True
5324,bb185fbe9ecb4119968e9278986609c7,True
2460,4697ac1ea77c434190dc2669ae6d014f,True
2433,a9f00c70bbb94c659c3409594d4a1aab,True
2448,122fe6b82fa94204a3af97fef4aa2a95,True
2825,f452509890ae459aaec0516737d856f8,True
2833,dd3a664532d64c288d5d97cee4e5e902,True
3888,ad9586ef19e94071b5a269ab6c62a614,True
2785,2708e4233da14268ad0899f4f5704260,True
3065,96fa18b4955944dba3bb940c6f9eca1b,True
5138,ab5c50c941734420bd159f4c7f7b3378,False
2468,cf73c0b95ae9469d8f9675143ba4ec9d,True
6541,64c6eb01aee547ab8211cbbdaa47215e,True
2889,c0fcf98df2724565a2893eaa297254e3,True
2888,c97020baba22434c835e87ff17fb2c20,True
4123,2c9fb56a10ab41d792d08d00df0acb2d,True
2450,90cc07313adf420fad2f7f3cc3226cdb,True
2423,608c8be349dc48a2b8a3a37544e5302c,False
2431,b58220fb83624c0e92dfeb69c948dfa4,True
2860,7ef130b813ed42b695161fec7edc7891,True
2426,79b1b68bfcd445ea9fd55cba93554505,True
4035,16f87b3b406943adb62eb55875465777,True
2918,c9e75d313dcd4d95b2da71e0601ef36b,True
2788,1b91147e1bc34b6a86aa959fafb8d9ba,True
3894,a45aca34260d452cb545e2593326ee68,True
2784,d41755b80ed34182a6c576c6e08399c0,True
2430,40983afeb0234e71b7b9022a750add0e,True
2429,00fe824e49004fa19e790f4728a21583,True
2447,6c60c8acdb9a4cf4bbc631b26e532092,True
4036,4fc038a483e846b2bb3da72750e79e02,True
2919,5df63f73fe694e2d851751cb50fc7747,True
2428,1399ecc662bd400d9a3a4a4e8ba34dd5,True
2451,5d4970bff63c4c8db2f5e9d1abcc35e6,True
2461,d452cbf568554a759493b4b7150caec0,True
2452,ddda9699a99f489c938c376070d1c41f,True
2865,441248e5d0f74ca8a336eac9d987399a,True
2826,af77eb0f99994f05b4fb6ea158ef164d,True
2467,ff246d6bdca94e1d9ac71e72a1bdb07a,True
3642,3228233c8d0d49e7ad207ed9da831731,True
2491,71df5e5b17a44af9a841c1afd208b544,True
2494,577fe1e36cb8426f9fc50e7ea3d4677e,True
3790,0fb7031c7e2c450abac473e43292b85a,False
2498,fdde00c243bd4dde9567bfa2af573cb9,True
2475,1f8fc602403948fda0251d49146d67a2,True
2517,5525992ccd7547fda591a45feb54ac24,True
2518,d50731d8c1b14c0385ce8842ec41b368,True
2500,619e88a2bb704455a6225a3fda3af8a9,True
3412,dfb3d48d37e24e53a58e4d9024cc7eba,True
5512,245765ab2f4042b89cb9a677804788be,True
3739,5b306e476ce44a91a528c26d7c78f9a5,True
5470,d1e9c36d08fd4b969ebb11c9f4ccd4a6,True
2425,4ba34d4d5ce64ecc913bc468ca77caa1,True
2415,b81bb81c07a64f70a1b4cc1dad2eaefb,True
5107,9acf856f0d4f41be925bca26baf49343,True
3972,cdc24c56a1a140ccbdab346a91855a5a,True
2560,e50194dfbb8c47d7ab619ad6712e9be4,True
2615,1c7e63e9592540d78aea5caa439d2573,True
4182,9019ab1aaa6f4d57aa0deddf89f6e32c,True
2613,6d0e0ff18785413793cbc5555bebe9e0,True
2612,aeb4e3dce4fe44b8a93a317831a933de,True
4135,e76ecb89aee5430e84028737bf553baf,True
2504,1363b87417b5476db59d5c59208d23bb,False
4109,2b77b7f178234fce88b12189e02a3c06,True
5492,26f4fbbe2af14c439b3854a839a53fe0,True
5494,828cd870269845a9ab20a8ed0f9b436e,True
5493,df235dac118c47778e6685b926920216,True
5203,c6b2d8e169f6405bbb893288c874d2cf,True
5714,46fe0a94ce744844ab81af94a16ae06d,True
6488,edb0d1159aea4c828fc97c216f0cbae9,True
2664,6d310790f9ee4b529bf368ce381a6b1a,False
2634,6a6e5387033c41b5a2ee6cb72a857eae,False
2551,d403288478f9448dbfd6e4d4eeb7ef81,False
3422,17877b24e413446fa84cb8288837a047,True
3029,71a8cb33174e440397e37e436fc4e7a5,True
4730,23095cae7d124b129a64b73ad6d14903,True
6118,642b8f92571748859c764ffae56113a9,True
3857,261c5f14b9f34537a825ea6da0d67a0d,True
2633,be0e35fcf7f3422590003d41b6a29a64,False
2751,062b8c8026ea436cbb7d90fa2995cffe,True
2469,69d8dfdb09294892a8470bcb4c2a982a,True
2695,2f0b2fe3e07d4f00a4ef2efd16d89ba8,True
2543,3dfa91cc23ea4ca99ac726d049b0bce7,True
2524,a9914378479d4395850c80b2e4298234,True
2525,95f50ff8ea904217b5c4fbd214dc52b1,True
6466,6547ecbb05d74123836332b55d78089e,True
2731,b93406c885ed4f268c89d9394143b06a,True
2644,864520743f52436b9febeca4f3c904bf,True
2643,0497ff0a423742cda8be75577316c4e5,True
2656,4792e825864d4d32a67ac27256d780f6,True
2529,22249296e66049469e3dc8eb0e247993,True
2406,3ccbf1093729402c97eeb2b3d326ace1,True
2659,8166dec3289b489db139e49bd4e01a01,True
2660,4150e64105d64fa6be49d13c9c690a24,True
6112,cc6e5593c1164dc2b8c439cb092a0606,True
6113,c6a1ff6009124404a0156c698d1d3a6b,True
6569,45e4aa70d53743fcb7ce181fea6a75b9,True
6103,77d61c10ed8e414dad72b42be364ced2,True
6566,57b88c6e60c74339b540a8b4a385f714,True
6292,089392ea24144c528beb820f8ac45465,True
6108,df3b5eb340db47a3bad034c1c805e00b,True
3624,9a0c5124367a428b9307dd91f3f98ede,True
3622,1e66f7c05bfd4b9e9a5cc61cb38dbc89,True
3665,f6681aedec12400686536c971f7fdfa1,True
3970,ef38854db46a49339340298664aa22c6,True
4982,d91c91956417413d894201ff49085ffe,True
2628,c362c927eda248a2ab71d99b8ee5ad62,False
5531,8538c79b408a4e8faff51c105619a158,True
2432,c6ca0a4227424b318ae7e79fa9601c45,False
2531,72c7348c327447aa82ea70eca8ae29cb,True
2688,9ab17e760cc84cc8af57e996a8682556,True
2497,d52b548104b446d681007736ac65f078,True
2658,34d354c38547493b9a5bf7d463e6be97,True
2501,6ec52d9e3c884d0dacf8f75bba0c77e1,True
2502,032216af28194db2a6f411be66ed432f,True
5460,b1c6213d71304559aad99aa1f7d934d9,True
2603,503221ce57614518a41d199a6e1b4860,True
2530,2d5c2f174aae4447baf7838b9ed8004c,True
2595,fcab8e7f907a43fa845903345b84eea0,True
2641,9a44446eb4264b84a3a6293b8299be2b,True
2598,c82781b058de4829961532706c49b731,True
2597,ae104779904445b8a424f256be9fb565,True
2596,c7001c8c87d34c3f8434ecec61bfd622,True
2630,e64d66a9b17f4c66a2a5f14e45f6f193,True
2629,c2091de2b9ff4d6fb120999a9562c8bf,False
3625,2fad442d737f448eab42d539c0374c0f,True
3623,fb548666f5bc4f2ebe60f8c1d37a0ffc,True
4734,6d6bbbd044b44693a74d013ba8cb0b73,True
3648,679f5e5c442843e6a429483b428693e7,True
3850,8fa11829c83b40adbc460f73e16b636a,True
2631,5e938a617ff641409765c5dc5a7fd4a7,True
5442,6afa3c05a5134cc2a8069cd0c5215bd5,True
5751,5c40776ae2304867993b001ac62f2a3d,True
4658,ef702925ef3e43699742cb62dc527dd8,True
4685,32c2b4e4842c4d4aa7160d36f61f027d,True
4659,4ef35afff529481ca0cb0a15cb3a478c,True
3932,86ddd50e59c4463a813d65d5293c569d,True
3934,b1fe5f5ab2e94cf2a850dc8a0ca98648,True
6273,27d854ae9f344abe8e07f8a246556cf6,True
3931,a4842e954e7143c7b18f655266164d5b,True
4703,9f73e6489b9a465898d8495bafb564f1,True
6486,51603b154da5477faa600ccb7137666f,True
3731,726382193eef4212924489c82163cb73,True
3732,e5ab1ed796294287bd50b981aa43da28,True
4148,73131c303f7e4b858ed63f9a51b97ebb,True
4149,2097e046662c4598819463af269688a6,True
3722,cd2b064af265455c8b925f3a99846bc7,True
6487,0e796e1f5114476a8feb320a41ae066a,True
5292,cbf95f31d18c493abbd0b39b4a77ebd1,True
5270,714068183d254624a8e1bf2631eb7860,True
6026,c58b19573f1d4c51b270e144ce0f3706,True
5668,d7a483844da24fe4ae2e06797c8a7d77,True
5497,7293a76403af4e56970efc6c9ce842c8,True
4742,544c42fe19cc4e1ab8970db6b82d9bc2,True
5496,da043c8e07014d97b3e7a8304f56d410,True
5485,fa6dd24bef624459af9149294f3c8683,True
5484,bc642a6533414e0f945c2f6358285257,False
4739,b5d333e08a35427ea4fa178734a3722c,True
5488,f19b04fb944d4995ae072606f4e79429,True
4741,64edd3a51915413996d2f6bb1e5e70aa,True
2632,e061c57738394755acea0cde370f2e5d,True
2622,fe21742058fa4287813c90a94193e2f1,True
2618,0e4a54442a214a5bbefd0903238a17cb,False
2561,0fba42e71d304551a0537fcfef33ff13,True
2740,aedc2e062a074eccae900f461031aa62,True
2742,a8ea5df3d2304d178bf87f7a7ec16340,True
5491,b35f5b42b295444187dfe2f3fbfeaf93,False
2570,35a1f6fb48a14a3cb9af8ab39851088c,True
2578,de97ebbd07c9415d856b8b491ab6b8bf,True
2558,21933499b5574128a976c9fdff680db1,True
2572,21cbb663dbdf49d8a392fb780280682b,True
2573,a759219b271e456381821e65de990f9a,True
2610,4bfdd9416631477b8da75c1b9ed32093,True
3935,07c9c6d0fe404815a6ec1e6f4ccc6a0c,True
2585,bd0fa1e2090f4d48a9ae5dfc728dabed,True
5274,c9efe482689a4f93a8742ddac5f68c6b,True
5273,8ffbede7be0a4dd48198af237ef7b9d3,True
2645,de00df2b94424058814cbd9076438520,True
2583,02ece2d2d8f5495ca54749f1d9c2dbee,True
2602,c4197e68e8ad46bfbd5266f5948135e8,True
2601,8e98d5ce4e8741ae9af959146c72708c,True
2606,99a7dad73829497eb972bec6f5344760,True
2584,c6ceb12c671446ddb3f87cf90bca6d1b,True
5283,db53c48a62584f7391139f1a19af2fea,True
3886,761978367b09412d8fbec28f170012f1,True
2588,064b1e4315174ea1beaf57f6e374ebdc,True
2587,174eb715027c4e9796910ef8ae631ed0,True
5282,f113f782c027416cb4ad8180842f146f,True
2608,9078535438114c39823d0e279b2c7c04,True
2607,4b066cf2d21942b29b483817bcb0dc5f,True
2586,0099277860284e5abc8c5108a5957954,True
2571,34b368cf19b245a08a576a04d9ea47ad,True
2574,58b9e6232ede463bb3ba68141b67182f,True
2752,cd26eb2fd9e846eaa5891481af757b2f,True
4611,af5cd199ffb5412eaa18df795ce6be1c,True
4940,3fab878161c54706b13ef89c467aba25,True
3869,4d13145c7604456291d8c0a2e026f638,True
2556,3de51c9e88fa41579036a1192fa820d8,True
2568,d2524ca7c9d9413eabb2e1da9e0a955b,True
2652,35805d810ca7437d902dd65f4a1eda18,True
5189,c0d0e187ab564fee83e7fb0fb1502e6e,True
3001,6584f25e9f25428dab3ed49d29b4cb46,True
2646,99506072ce33412b90514737f9ed630f,True
3615,d142febf85a64f079ee5c2e9922df6a5,True
2580,78c3d167366d429fbb591d33489f46f2,True
2599,40ec524cefde44a8b788cfe5494075a0,True
2593,1424670990fa4f73a95e1a8c00d9aede,True
2600,cf6f4a60416143e8b860e2232ed2e168,True
2594,5415cca4bd5f4db49b4144d9aa487877,True
2582,d089048b950643469b8a2b006e3570e8,True
4997,c7493f1fc89f47f6929fbdc2f29cba62,True
4871,d513bfc24f804086a60a57de3b1d7a31,True
4610,39d0fc2130d04c99abbe950bf7e1f1d1,True
3613,c3dfbdef3fde435887e520a838716888,True
2655,4848e037e1fb438d9deab7f9385625c7,True
2654,d573c78358164ab9b34faa3035195a76,True
3621,ff019d0e6de646e4ac649cc3926ca027,True
2651,2bb3d3a7e7ea4a32b497914f55f98d75,True
2650,3e68d09931ac452c9833a959dafee527,True
2649,8d5dfca1fc0d48c7b5fe12e78a046251,True
2648,7ababac9ac914fdf945973e407a58362,True
3868,ffbf0846c54d43959a4c7881d982f455,True
5817,993e1a5bb87e4519ad8a0896a79157e5,True
3614,36c0953ce74a47f087c9b2137cd82aff,True
6565,b1efe7ad489a4170bdef2fcf7b997d0a,False
3676,13077a1371e54092ab49f2a98f051b0a,True
2653,c4d4e1f457a343a990931433034b1601,True
2591,eed0330d007d4c78a8e951674888cc3e,True
4612,30dcff29b21341649d2ccfe7e11ab486,True
4829,e4caa5adc0d8463c84edb763dc1a97e2,True
4828,821ce5c6fce44021afd19fc24e14b514,True
4155,bc6bba08a20647f3b7d3dfab2bc15fb5,True
4033,ef4777c58bb44a29aa6619e9f6926a8e,True
5285,428a9ecc936d4e9784e7294d4ea4302d,True
2609,18e21d914cc84dfc95bf11b46d2a15b3,True
4618,e59ac94cd4a64764b3ea91c7498ea58d,True
5190,80324707704b4afabca23cc5ddf7ac0d,False
4830,2ab711bb3f914abb8455ee38fe689fdc,True
2692,3cdeb683a1fe46b4875aaaf74f793686,True
4130,70a5b0e3f42e4bdd8a642855a5565a66,True
4129,0678462e4c5e4d2d9fbfc4b97f15ae39,True
5343,ff52b3ec6d5c459b9a74fd42ae49026c,True
5326,61898d1a741546e4bdee7786b0d0c071,True
5365,3a6f4c8037a544e0bb2edaa03354dbfc,True
5280,a44e223234f64f9383fc5944b4e0b666,True
5281,fdc7c69479b54cc499dfd0719846a9c6,True
4368,e60f407e191942c198abd3f9f9e5cbd6,True
3641,6bddb994555741da99a6faa654089921,True
2665,c4a918238bcd4a889fd401f468e350d0,True
2565,928689a7a99e4c7187ea1e47f1feea0f,True
3365,10ab8b57f2d746a587967f2ca0b1d5f9,True
4665,c8f48a385a974bd7add35a13c6a880f7,False
3457,2e0e82abe0fb47caa9392cbead0c4649,True
2400,d76984d48f264d9bbdb1bc3f06b18755,True
2464,e0916dfc60a1445c804ab9ce4710359f,True
2473,0f17b25bf79146d1bba21a12315d5fc3,True
2974,393efc91f4574094b8cd541859dcd606,True
2978,c4be0c18382540a8b207bb06e6cc2da8,True
2661,332944059fa844c28c3dab61d9e34594,True
2663,4b575a9098d54943a8bc3fb7a80ea130,True
2662,6fdda46f6df249ef9d0a6437af0246a0,True
